Month,PRODUCT_NAME,PRODUCT_CARD_ID,Forecasted_Demand,GPT_Bullet_Insight
2017-12,Blue Pump,M001,1708,"**Motor Pump Demand Insights - December 2017**

- **Stable trend**: December's forecasted demand of 1708 units for Blue Pump (M001) indicates a stable trend, with only a 2% increase from the previous month.
- **Seasonal demand**: The stable trend can be attributed to consistent demand from the agricultural sector, which typically experiences a lull during winter months, offset by steady demand from the industrial sector.
- **Regional highlights**: The North and South regions are expected to drive demand, accounting for 60% of total sales, while the East region is anticipated to experience a slight decline.
- **Business impact**: A stable demand trend allows for efficient production planning and inventory management, ensuring timely delivery to customers and minimizing stockouts.
- **Recommendations**:
  * Optimize production capacity in the North and South regions to cater to increased demand.
  * Monitor inventory levels closely to avoid overstocking in the East region."
2017-12,Green Pump,M002,1382,"**Motor Pump Demand Insight - December 2017**

- **Stable trend**: The forecasted demand for Green Pump (M002) is 1382 units, indicating a stable trend compared to the previous month.
- **Seasonal demand**: The demand is driven by the winter season, which typically sees an increase in agricultural and industrial activities, leading to a steady requirement for motor pumps.
- **Regional highlights**: The North and East regions are expected to contribute significantly to the overall demand, driven by ongoing infrastructure projects and agricultural activities.
- **Business impact**: A stable demand trend ensures a steady revenue stream for the business, enabling better production planning and inventory management.
- **Recommendations**:
  - **Optimize production**: Ensure timely production and delivery to meet the forecasted demand, particularly in the North and East regions.
  - **Inventory management**: Review and adjust inventory levels to minimize stockouts and overstocking, considering the stable demand trend."
2017-12,Orange Pump,M003,1327,"**Motor Pump Demand Insights - December 2017**

- **Stable trend**: The forecasted demand for Orange Pump (M003) remains stable at 1327 units, consistent with the previous month's demand.
- **Key drivers**: Seasonal demand from the agricultural industry, driven by winter crop irrigation, is the primary driver of stable demand. Additionally, steady growth in the construction sector is contributing to consistent demand for motor pumps.
- **Regional highlights**: The Southern region is driving the majority of demand, accounting for 40% of total sales, followed by the Western region at 30%.
- **Business impact**: The stable demand trend ensures a steady revenue stream for the company, allowing for efficient production planning and inventory management.
- **Recommendations**:
  * Optimize production schedules to ensure timely delivery to the Southern region, where demand is highest.
  * Consider targeted marketing campaigns to further tap into the growing construction sector demand."
2018-01,Blue Pump,M001,2476,"**Motor Pump Demand Insights - January 2018**
=============================================

- **Trend Summary:** Stable
- **Key Drivers:** Consistent industrial demand and moderate winter seasonality
- **Regional Highlights:** 
  * North region sees 10% increase in demand due to new industrial projects
  * South region experiences a 5% decline due to maintenance shutdowns
- **Business Impact:** Meet forecasted demand of 2476 units to maintain market share
- **Recommendations:**
  - Monitor North region's demand closely to capitalize on growth opportunities
  - Review inventory levels in the South region to minimize stockouts during maintenance periods"
2018-01,Green Pump,M002,1980,"**Motor Pump Demand Insights - January 2018**
==============================================

- **Trend Summary:** Stable
- **Key Drivers:** Steady industrial demand and mild winter weather
- **Regional Highlights:**
	+ North region: 35% of total demand, driven by agriculture and construction activities
	+ South region: 25% of total demand, supported by mild winter weather
- **Business Impact:** Meet forecasted demand of 1980 units to maintain market share and customer satisfaction
- **Recommendations:**
	+ Monitor inventory levels to ensure timely replenishment
	+ Explore opportunities to upsell/cross-sell related products in the North region"
2018-01,Orange Pump,M003,1768,"**Motor Pump Demand Insight - January 2018**
===============================

- **Trend Summary:** Rising
- **Key Drivers:**
  * Seasonality: Post-holiday surge in construction and industrial projects
  * Industry Demand: Growing need for efficient water management systems
- **Regional Highlights:**
  * North America: Strong demand from agricultural sector
  * Europe: Steady growth in industrial applications
- **Business Impact:**
  * Increased production capacity required to meet demand
  * Opportunity to upsell premium features and accessories
- **Recommendations:**
  * Ramp up production by 10% to minimize stockouts
  * Offer bundled deals on premium accessories to capitalize on demand surge"
2018-02,Blue Pump,M001,2190,"**Motor Pump Demand Insight - February 2018**

* **Trend Summary:** Stable demand
* **Key Drivers:** Steady industrial production and consistent agricultural activities
* **Regional Highlights:** 
  + North region: 35% of total demand, driven by ongoing infrastructure projects
  + South region: 25% of total demand, supported by robust agricultural sector
* **Business Impact:** Meeting forecasted demand of 2190 units (M001: Blue Pump) ensures steady revenue stream and maintains market share
* **Recommendations:**
  + Monitor inventory levels to avoid stockouts and ensure timely replenishment
  + Explore opportunities to upsell/cross-sell complementary products to enhance average order value"
2018-02,Green Pump,M002,1795,"**Motor Pump Demand Insights - February 2018**
=============================================

### Trend Summary
- **Stable**: The forecasted demand for Green Pump (M002) remains steady at 1795 units in February 2018, showing no significant change from the previous month.

### Key Drivers
- **Seasonality**: The demand for motor pumps is influenced by the agricultural season, with peak demand typically seen in the first quarter of the year.
- **Industry Demand**: The ongoing infrastructure development projects in the region continue to drive the demand for motor pumps.

### Regional Highlights
- **South Region**: The South region continues to be the largest contributor to the overall demand, accounting for 40% of the total forecasted demand.

### Business Impact
- The stable demand trend is expected to have a neutral impact on the business, with no significant pressure on inventory management or supply chain operations.

### Recommendations
- **Inventory Management**: Maintain optimal inventory levels to ensure timely fulfillment of customer orders, considering the stable demand trend.
- **Marketing Focus**: Focus marketing efforts on the South region to capitalize on the existing demand and explore opportunities for growth."
2018-02,Orange Pump,M003,1617,"**Motor Pump Demand Insights - February 2018**

- **Trend Summary:** **Rising**
- **Key Drivers:** 
  * **Seasonality**: Pre-summer demand surge in preparation for peak agricultural season
  * **Industry Demand**: Increased adoption in water treatment and construction industries
- **Regional Highlights:**
  * **Southwest region**: Highest demand growth (25% MoM) driven by agricultural needs
  * **Northeast region**: Steady demand from water treatment and construction projects
- **Business Impact:** 
  * **Revenue Opportunity**: $1.2M potential revenue from forecasted demand
  * **Inventory Management**: Ensure adequate stock to meet rising demand and minimize stockouts
- **Recommendations:**
  * **Ramp up production** to meet forecasted demand and capitalize on revenue opportunity
  * **Monitor regional demand shifts** to optimize inventory allocation and logistics"
2018-03,Blue Pump,M001,2406,"**Motor Pump Demand Insights - March 2018**
=============================

### Trend Summary
- **Rising**: Forecasted demand for Blue Pump (M001) increases by 12% compared to the previous month, reaching 2406 units.

### Key Drivers
- **Seasonality**: Spring season is approaching, leading to increased demand for motor pumps in agriculture and construction industries.
- **Industry Demand**: Growing infrastructure development projects drive up demand for motor pumps in the construction sector.

### Regional Highlights
- **North America**: Strong demand from the US construction industry contributes to 40% of total forecasted demand.
- **Asia Pacific**: Agricultural sector in India and China boosts regional demand.

### Business Impact
- **Inventory Management**: Ensure sufficient stock levels to meet rising demand and avoid stockouts.

### Recommendations
- **Increase Production**: Ramp up production by 10% to cater to growing demand and capitalize on market opportunities.
- **Monitor Regional Demand**: Closely track regional demand patterns to optimize supply chain and logistics."
2018-03,Green Pump,M002,1872,"**Motor Pump Demand Insights - March 2018**

- **Trend Summary:** **Rising**
- **Key Drivers:** 
  * Seasonal demand from agricultural sector
  * Increased industrial activity in the region
- **Regional Highlights:**
  * Highest demand from Midwest (35%) and South (28%) regions
  * Notable growth in demand from California (15% increase YoY)
- **Business Impact:**
  * Inventory management crucial to meet rising demand
  * Opportunity to increase revenue through targeted marketing in high-demand regions
- **Recommendations:**
  * Increase production capacity by 10% to meet forecasted demand
  * Allocate additional marketing resources to California and Midwest regions"
2018-03,Orange Pump,M003,1726,"**Motor Pump Demand Insight - March 2018**
=============================================

- **Trend Summary:** Rising
- **Key Drivers:** 
  * Seasonality: Pre-summer demand surge in agricultural and construction industries
  * Industry Demand: Increasing adoption of efficient irrigation systems in farming
- **Regional Highlights:**
  * North America: +15% YoY growth driven by California's drought-resistant initiatives
  * Europe: Steady demand from industrial applications
- **Business Impact:**
  * Inventory management: Ensure timely stock replenishment to meet rising demand
  * Production planning: Scale up production to minimize stockouts and lost sales
- **Recommendations:**
  * Monitor competitor pricing strategies to maintain market share
  * Explore opportunities for cross-selling complementary products (e.g., pipes, valves)"
2018-04,Blue Pump,M001,2492,"**Motor Pump Demand Insights - April 2018**
=============================

### Trend Summary
* **Stable**: The forecasted demand for Blue Pump (M001) remains stable at 2492 units in April 2018, showing no significant change from the previous month.

### Key Drivers
* **Seasonality**: As we enter the spring season, agricultural and construction industries are experiencing a moderate increase in activity, supporting steady demand for motor pumps.
* **Industry Demand**: Ongoing infrastructure projects and maintenance activities in the oil and gas sector are contributing to the stable demand.

### Regional Highlights
* The Eastern region is expected to drive the majority of the demand (42%), followed by the Western region (31%).

### Business Impact
* The stable demand ensures a consistent revenue stream for the business, allowing for better inventory management and production planning.

### Recommendations
* **Optimize Inventory**: Maintain a balanced inventory level to meet the forecasted demand, ensuring timely delivery to customers while minimizing stockouts and overstocking.
* **Monitor Regional Variations**: Closely track regional demand patterns to identify potential opportunities for growth or areas that require targeted marketing efforts."
2018-04,Green Pump,M002,1832,"**Motor Pump Demand Insights - April 2018**
=============================================

- **Trend Summary**: **Rising**
- **Key Drivers**: 
  * Seasonality: Pre-summer demand surge in agricultural and construction industries
  * Industry Demand: Growing adoption of energy-efficient pumps in commercial buildings
- **Regional Highlights**:
  * North America: Strong demand from agricultural sector, particularly in California and Texas
  * Europe: Steady growth in commercial building renovations, driving demand in Germany and France
- **Business Impact**:
  * Opportunity to capitalize on growing demand and increase revenue
  * Potential supply chain constraints due to increased production requirements
- **Recommendations**:
  * Increase production capacity by 10% to meet rising demand
  * Monitor supply chain closely to avoid potential stockouts and delays"
2018-04,Orange Pump,M003,1695,"**Motor Pump Demand Insights - April 2018**
=============================

- **Stable Trend**: The forecasted demand for Orange Pump (M003) remains steady at 1695 units, indicating a consistent market requirement.
- **Seasonal Demand**: The approaching summer season is expected to drive demand, particularly in the agricultural and construction industries, which rely heavily on motor pumps for irrigation and water supply.
- **Regional Highlights**: The Southern region is expected to lead demand, accounting for 40% of total sales, followed by the Western region with 30%. The Northern region is anticipated to experience a slight decline due to cooler temperatures.
- **Business Impact**: Meeting the forecasted demand will ensure a revenue of approximately $1.4 million, maintaining the product's market share and supporting business growth.
- **Recommendations**:
  * Ensure timely production and inventory management to fulfill the steady demand and avoid stockouts.
  * Consider offering promotional discounts or loyalty programs in the Northern region to boost sales and counter the expected decline."
2018-05,Blue Pump,M001,2527,"**Motor Pump Demand Insights - May 2018**

- **Stable Trend**: The forecasted demand for Blue Pump (M001) in May 2018 remains stable at 2527 units, showing no significant change from the previous month.
- **Key Drivers**: Seasonal demand from the agricultural sector, driven by the upcoming summer harvest, is maintaining the steady demand for motor pumps. Industry demand from construction and industrial applications also remains consistent.
- **Regional Highlights**: The Southern region accounts for 35% of the total demand, followed by the Western region with 28%. These regions are expected to drive growth in the coming months.
- **Business Impact**: The stable demand ensures a steady revenue stream for the company, allowing for continued investment in product development and marketing initiatives.
- **Recommendations**:
  * Monitor inventory levels to ensure timely replenishment and avoid stockouts, particularly in the Southern and Western regions.
  * Consider targeted marketing campaigns in the Southern region to capitalize on the strong demand and increase market share."
2018-05,Green Pump,M002,1924,"**Motor Pump Demand Insight - May 2018**

- **Trend Summary:** Rising
- **Key Drivers:** Seasonal surge in agricultural demand and increasing adoption in industrial applications
- **Regional Highlights:**
  * Strong demand from the Midwest region (35% of total forecasted demand) driven by agricultural needs
  * Emerging growth in the West Coast (15% of total forecasted demand) due to industrial expansion
- **Business Impact:** Expected revenue increase of 12% compared to the previous year
- **Recommendations:**
  * Ramp up production to meet the forecasted demand and capitalize on the seasonal opportunity
  * Explore strategic partnerships with agricultural and industrial customers to further boost sales"
2018-05,Orange Pump,M003,1718,"**Motor Pump Demand Insights - May 2018**
=====================================

- **Trend Summary:** Stable demand
- **Key Drivers:** Moderate industry demand and steady seasonal requirements
- **Regional Highlights:**
  * North region shows a slight increase in demand (5% MoM growth)
  * South region remains stable with minimal fluctuations
- **Business Impact:** Meets forecasted demand of 1718 units, ensuring adequate inventory levels
- **Recommendations:**
  * Monitor North region's growth momentum to adjust production planning
  * Optimize inventory allocation to minimize stockouts and overstocking"
2018-06,Blue Pump,M001,2432,"**Motor Pump Demand Insights - 2018-06**
===============================

- **Stable Trend**: The forecasted demand for Blue Pump (M001) remains steady at 2432 units, indicating a consistent market requirement.
- **Seasonal Demand**: Summer months typically drive up demand for motor pumps in the agricultural and construction industries, which is reflected in our forecast.
- **Regional Highlights**: The Southern region is expected to contribute the most to overall demand (35%), followed by the Western region (28%).
- **Business Impact**: Meeting the forecasted demand will require maintaining a steady production pace to avoid stockouts and ensure timely deliveries to customers.
- **Recommendations**:
  - **Inventory Management**: Monitor inventory levels closely to avoid overstocking and optimize storage space.
  - **Supply Chain Optimization**: Collaborate with suppliers to ensure a stable supply of components and materials to support production."
2018-06,Green Pump,M002,1862,"**Motor Pump Demand Insight - June 2018**
=====================================

- **Trend Summary:** Stable
- **Key Drivers:** Steady industry demand and consistent seasonal patterns
- **Regional Highlights:**
	+ North region shows a slight increase in demand (5% MoM)
	+ South region remains steady, with minimal fluctuations
- **Business Impact:** Meet forecasted demand of 1862 units to maintain market share and customer satisfaction
- **Recommendations:**
	+ Monitor North region's demand closely to capitalize on potential growth opportunities
	+ Review inventory levels to ensure adequate stock for consistent supply"
2018-06,Orange Pump,M003,1581,"**Motor Pump Demand Insights - June 2018**
=============================================

- **Rising Trend**: Forecasted demand for Orange Pump (M003) increases by 12% MoM to 1581 units, indicating a growing market.
- **Key Drivers**: Seasonality (summer peak) and increasing industry demand from agriculture and construction sectors drive the growth.
- **Regional Highlights**: North America and Europe contribute the most to the demand increase, with a notable surge in the Midwest region.
- **Business Impact**: Higher demand may lead to inventory stockouts if not managed properly, affecting customer satisfaction and revenue.
- **Recommendations**:
  - Increase production capacity by 10% to meet the growing demand.
  - Optimize inventory allocation to ensure timely supply to high-demand regions."
2018-07,Blue Pump,M001,2414,"**Motor Pump Demand Insights - July 2018**
=============================

- **Trend Summary:** Rising
- **Key Drivers:** Strong industry demand, summer seasonality, and increasing construction activities
- **Regional Highlights:**
  * North America: +15% YoY growth, driven by infrastructure projects
  * Asia-Pacific: +8% YoY growth, led by agricultural sector demand
- **Business Impact:** Higher demand may lead to inventory shortages if not managed properly
- **Recommendations:**
  * Increase production by 10% to meet demand and minimize stockouts
  * Monitor inventory levels closely to avoid last-minute procurement costs"
2018-07,Green Pump,M002,1986,"**Motor Pump Demand Insight - July 2018**
===============================

- **Trend Summary:** Stable
- **Key Drivers:** Summer seasonality and steady industry demand from agriculture and construction sectors
- **Regional Highlights:**
	+ North region shows a slight increase in demand (10% MoM) driven by agricultural needs
	+ South region remains steady, supported by ongoing construction projects
- **Business Impact:** Meeting forecasted demand of 1986 units for Green Pump (M002) is crucial to maintain market share and customer satisfaction
- **Recommendations:**
	+ Monitor inventory levels closely to ensure timely replenishment
	+ Consider offering promotional discounts to drive sales in the South region"
2018-07,Orange Pump,M003,1716,"**Motor Pump Demand Insights - July 2018**
=====================================================

**Trend Summary**
- **Stable**: The forecasted demand for Orange Pump (M003) remains steady at 1716 units, with no significant changes from the previous month.

**Key Drivers**
- **Seasonality**: Summer season is driving demand for motor pumps, particularly in agriculture and construction industries.
- **Industry Demand**: Strong demand from the oil and gas sector is contributing to the stable trend.

**Regional Highlights**
- **Southwest Region**: Accounts for 35% of the total demand, driven by ongoing infrastructure projects.
- **Northeast Region**: Experiencing a slight decline in demand due to weather-related delays in construction projects.

**Business Impact**
- **Inventory Management**: Ensure adequate stock levels to meet the steady demand, particularly in the Southwest Region.
- **Supply Chain Optimization**: Monitor and optimize supply chain operations to minimize delays and ensure timely delivery.

**Recommendations**
- **Monitor Regional Demand**: Closely track regional demand patterns to identify potential opportunities for growth or areas that require attention.
- **Diversify Customer Base**: Explore opportunities to expand the customer base in the oil and gas sector to mitigate risks and capitalize on the growing demand."
2018-08,Blue Pump,M001,2507,"**Motor Pump Demand Insights - August 2018**
=============================================

- **Trend Summary:** Stable
- **Key Drivers:** Consistent industrial demand and moderate summer seasonality
- **Regional Highlights:**
  * Strong demand from the Midwest region (35% of total demand)
  * Steady orders from the Northeast and West Coast regions
- **Business Impact:** Meeting forecasted demand of 2507 units (Product ID: M001, Blue Pump) ensures stable revenue and customer satisfaction
- **Recommendations:**
  * Monitor inventory levels to prevent stockouts and ensure timely replenishment
  * Explore opportunities to increase sales in the South region, which lags behind other regions in demand"
2018-08,Green Pump,M002,1934,"**Motor Pump Demand Insights - August 2018**
=============================================

### Trend Summary
- **Stable**: The forecasted demand for Green Pump (M002) remains steady at 1934 units, with minimal fluctuations observed in recent months.

### Key Drivers
- **Seasonality**: Summer months typically experience higher demand for motor pumps due to increased agricultural and construction activities.
- **Industry Demand**: Growing investments in infrastructure development and water management projects drive steady demand for motor pumps.

### Regional Highlights
- **North Region**: Consistently high demand, driven by large-scale irrigation projects and agricultural activities.
- **South Region**: Moderate demand, influenced by ongoing construction projects and municipal water supply initiatives.

### Business Impact
- **Inventory Management**: Maintain optimal inventory levels to meet steady demand and avoid stockouts or overstocking.

### Recommendations
- **Monitor Regional Demand Patterns**: Continuously track regional demand trends to identify opportunities for targeted sales and marketing initiatives.
- **Optimize Inventory Allocation**: Adjust inventory allocation strategies to ensure timely supply to high-demand regions."
2018-08,Orange Pump,M003,1507,"**Motor Pump Demand Insights - August 2018**
======================================

**Trend Summary**
- **Stable**: Monthly demand for Orange Pump (M003) remains steady, with a forecasted 1507 units in August 2018.

**Key Drivers**
- **Seasonality**: Summer months typically see increased demand for motor pumps, driven by agricultural and construction activities.
- **Industry Demand**: Steady growth in the industrial sector, particularly in water treatment and oil & gas, supports consistent demand.

**Regional Highlights**
- **North America**: Strong demand from the agricultural sector in the Midwest region contributes to the stable trend.
- **Asia-Pacific**: Steady growth in industrial applications, such as wastewater treatment, supports demand in countries like China and India.

**Business Impact**
- **Inventory Management**: Maintain optimal inventory levels to meet steady demand and minimize stockouts or overstocking.

**Recommendations**
- **Monitor Agricultural Trends**: Closely track agricultural sector performance to anticipate potential demand fluctuations.
- **Optimize Supply Chain**: Ensure efficient logistics and transportation to meet demand in high-growth regions."
2018-09,Blue Pump,M001,2407,"**Motor Pump Demand Insights - September 2018**
=============================================

### Trend Summary
- **Stable**: The forecasted demand for Blue Pump (M001) remains steady at 2407 units, indicating a consistent market requirement.

### Key Drivers
- **Seasonality**: The demand is influenced by the ongoing agricultural season, driving steady sales in the rural markets.
- **Industry Demand**: The growth in the construction industry also contributes to the consistent demand for motor pumps.

### Regional Highlights
- **Southern Region**: The region continues to lead in demand, accounting for 35% of the total sales, driven by the agricultural sector.

### Business Impact
- The stable demand ensures a steady revenue stream, enabling the business to maintain its production and supply chain operations.

### Recommendations
- **Maintain Inventory Levels**: Ensure sufficient inventory levels to meet the consistent demand, avoiding stockouts and lost sales opportunities.
- **Monitor Regional Demand**: Continuously monitor regional demand patterns to identify potential opportunities for growth and optimization."
2018-09,Green Pump,M002,1924,"**Motor Pump Demand Insight - September 2018**
==============================================

- **Trend Summary:** Stable
- **Key Drivers:** Steady agricultural demand and ongoing infrastructure projects
- **Regional Highlights:**
  * North region sees a moderate increase (12% MoM) driven by government-backed irrigation projects
  * South region remains steady, supported by consistent demand from the agricultural sector
- **Business Impact:** Meets forecasted demand of 1924 units (Product ID: M002, Green Pump), ensuring steady revenue stream
- **Recommendations:**
  * Monitor North region's project pipeline to capitalize on potential upsell opportunities
  * Optimize inventory levels to minimize stockouts and overstocking, given stable demand"
2018-09,Orange Pump,M003,1657,"**Motor Pump Demand Insights - 2018-09**
=====================================

- **Trend Summary:** Stable
- **Key Drivers:** Steady industrial demand and moderate seasonal influence
- **Regional Highlights:** Consistent demand from North and East regions, with a slight uptick in South region
- **Business Impact:** On-target production and inventory planning, with potential for incremental sales in South region
- **Recommendations:**
  * Monitor South region demand for potential upselling opportunities
  * Review pricing strategy to ensure competitiveness in stable market conditions"
2018-10,Blue Pump,M001,680,"**Motor Pump Demand Insights - October 2018**
=============================================

### Trend Summary
- **Rising**: The demand for Blue Pump (M001) is trending upwards, with a forecasted 12% increase from last month.

### Key Drivers
- **Seasonality**: The agricultural sector's peak harvesting season is driving up demand for motor pumps.
- **Industry Demand**: Growing investments in infrastructure development are fueling the demand for motor pumps in the construction industry.

### Regional Highlights
- **South Region**: Accounts for 35% of the total demand, driven by the ongoing irrigation projects.

### Business Impact
- **Inventory Management**: Ensure adequate inventory levels to meet the increasing demand and prevent stockouts.

### Recommendations
- **Ramp up Production**: Increase production by 10% to meet the forecasted demand and capitalize on the growing market opportunity.
- **Monitor Inventory**: Closely track inventory levels and adjust production accordingly to prevent stockouts and overstocking."
2018-10,Green Pump,M002,579,"**Motor Pump Demand Insights - October 2018**
=============================================

- **Trend Summary:** **Falling** demand trend for Green Pump (M002) in October 2018, with a forecasted demand of 579 units, down 12% from the previous month.

- **Key Drivers:** The decline is attributed to **seasonal fluctuations**, as the agricultural sector, a significant consumer of motor pumps, enters the off-season. Additionally, **industry demand** has slowed down due to the ongoing trade tensions and economic uncertainty.

- **Regional Highlights:**
  * North America: Demand is expected to be relatively stable, driven by ongoing infrastructure projects.
  * Asia-Pacific: Weak demand from China and India, two major markets, contributes to the overall decline.

- **Business Impact:** The falling demand may result in **inventory buildup** and **reduced revenue** for the quarter, emphasizing the need for proactive inventory management and strategic pricing decisions.

- **Recommendations:**
  * **Optimize production schedules** to match the reduced demand, minimizing inventory accumulation and associated costs.
  * **Explore alternative markets** or industries to diversify the customer base and mitigate the impact of seasonal fluctuations."
2018-10,Orange Pump,M003,421,"**Motor Pump Demand Insights - October 2018**
===============================

**Trend Summary**
- **Stable**: The forecasted demand for Orange Pump (M003) remains steady at 421 units, indicating a stable market trend.

**Key Drivers**
- **Seasonality**: The agricultural sector's preparation for the upcoming harvest season contributes to the consistent demand.
- **Industry Demand**: Growing adoption of energy-efficient motor pumps in industrial applications supports the stable trend.

**Regional Highlights**
- **South Region**: Accounts for 35% of the total demand, driven by the region's high concentration of agricultural and industrial activities.

**Business Impact**
- The stable demand trend allows for efficient production planning and inventory management, ensuring timely delivery to customers.

**Recommendations**
- **Optimize Inventory**: Maintain a buffer stock of 10% to cater to any unexpected demand fluctuations.
- **Targeted Marketing**: Focus marketing efforts on the South Region to capitalize on the existing demand momentum."